,artist
35,MANWOLVES
63,VICE
109,KYLE
118,SHELLEY FKA DRAM
168,YEVIN FRANCISCO
174,MACKLEMORE & RYAN LEWIS
441,VORSA
472,THANKS UGLY GOD
506,MØ
698,WHY?
774,FJER
1008,[BSD.U]
1497,SOHN
1948,SONDRE LERCHE
2111,DUNISCO
2309,MARCLO
2781,LENNON & MAISY
2897,JONATHAN ROY
2901,THEY.
3127,JULIUS
3244,MISO
3928,KIM
4034,NOMBE
4355,CLANS
4466,LE SINNER
4469,SETH XVI
4526,SLOW JOE & THE GINGER ACCIDENT
4969,SAM SEG
5248,SIDIZEN KING
5322,ALXXA
5340,URBAN CONE
5403,REAL ESTATE
5792,RAG'N'BONE MAN
5799,JAKOB
6006,LINUS HABLOT
6046,DOJI
6066,BARACK OBAMA
6581,CONNALLY
6639,SKOUT
6931,SWAN
6939,BINK
7265,DAISY
7281,MOONSHINE MAN
7445,RYTMEKLUBBEN
7586,STREET LIGHT
7885,JIDENNA
8000,TLC
8162,EL MAY
8222,ALEX LUSTIG
8253,ADAM FRIEDMAN
8303,MAC AYRES
8474,TOMMY
9203,EMMA JENSEN
9470,SCOTT QUINN
9591,ARY
9607,MRG
9610,KENDL
9808,THE AFTERSHOW
9954,TRE FRATELLI
10416,JAMES VICKERY
10447,JUNIOR A
10808,THE TRP
10842,SEETHER
10898,GOSS
11052,HUCK
11093,KVR
11148,MOW
11151,JOEL CROSS
11388,PARTY HARDLY
11409,TAYLS
11971,ANTH M
12309,SUMMER FERGUSON
12313,LUU
12566,RARA
13014,HEY VIOLET
13315,DARCI
13470,CHORD OVERSTREET
13783,FOREVER
13793,SHARON SHANNON
13824,WHIPPING BOY
14035,NÉONHÈART
14260,CLAIRMONT
14540,ARJANA
14551,BLINDING
14592,JULY 7
14599,OYAMA
15022,PAUL DAMIXIE
15165,JACKSON LUNDY
15513,WENS
15836,BGA
15839,COOPER LEE
15903,AMON
16030,JEFF CORMACK
16350,NEUS
16382,SHREZZERS
16398,KAM JAMES
16473,BLUEYES
16699,NICOTINE'S FAMOUS HONEY
16752,CAM’RON
16857,ZOË KRAVITZ
16878,CAMERON BEDELL
16912,JO&ME
17266,BRITT DALEY
17455,KAYEX
17624,CHLOE LILAC
17734,LORENTZ & SAKARIAS
17797,WITHOUT
17860,ALPIS
18132,STAYLEAVE
18338,NIEMAN
18340,DED
18393,PHIILO
18431,NÄM
18556,CRØW
18672,SAMSIN
18687,JEREMY SHAYNE
18693,STIX
18843,FAKY
18871,HEIR
18873,KYLE NEAL
18968,REXY
19294,RECENT RUMORS
19296,DYLAN
19397,LINES
19409,JOY
19821,MY BODY
20222,KAADA
20567,THE CHICAGO DUO
20811,BRANTLEY GILBERT
21118,JILLIAN JACQUELINE
21162,JOHN GIBBONS
21323,ANIK KHAN
21598,DAVID ARCHULETA
22669,SILVER
22770,SOPHIA DEL CARMEN
23021,JAY & THE AMERICANS
24222,NEØN
24254,VERA
24277,NICK MURPHY
26239,ADAM SAMPLE
26413,YUNG MASK
26518,FAR PLACES
26640,GRACE CARTER
26766,LENIS
26832,SUNNY & GABE
26835,JESSICA ANDREA
26990,HMU
27362,RADIOHEAD
27534,ZACK VILLERE
28253,SETH ALLEY
29820,BLONDE
30756,NAÏKA
31077,DAYO BELLO
31379,NICO & VINZ
32177,BOB & EARL
32182,LEMONY KRAVITZ
32302,DIRTY HEADS
32862,BOGA
33244,FOCUS
33406,LEIKELI47
33512,DYLAN HYDE
33541,LÉON
34190,ECHOSMITH
34488,A L L I E
34958,LE SON
35320,CAMINO
35801,PANDA$
35970,THE IVY
36413,TULLIO
36825,DUBÉ
36982,JOAN
38782,RAIKU
40534,CHASE & STATUS
41822,BECK
44151,OUR LAST NIGHT
45018,HERO
45567,BRAIN
46871,JACK & JACK
46943,ERNEST K.
48021,EDEN
48032,MAYA B
48036,CYN
49542,LUME
50520,GIRL BLUE
51140,ZO
52272,DON HINSON & THE RIGAMORTICIANS
52890,SOPHIE
52919,SASHA SLOAN
52960,CAM
55146,ALAE
55159,190118
55176,SOMEWHERE ELSE
55394,22 SAVAGE
56231,MC TY
56341,MAXO KREAM
56346,BLAISE
56455,CYHI THE PRYNCE
56457,IVY ADARA
56514,ANITA KERR SINGERS
59817,ELLA ISAACSON
62208,GOOD CHARLOTTE
62230,PLAZA
62900,ANDERS
62929,SINCLAIR
63191,JINKA
63277,ROCHESTER
64366,YOUNGR
67212,ZHAVIA WARD
69340,PEKING DUK
70214,SOHO
70511,COIN
72295,BAD WOLVES
72700,EMMA MCGRATH
73293,YUNO
73335,MAX FROST
74515,CARLOS VARA
74518,EVERETTE
74523,EBEN
76059,DJ A1
76922,THE BAND OF HEATHENS
77212,MELII
78574,AMARA LA NEGRA
79536,SY
80203,HANK WILLIAMS
82367,NOAX
84108,SLEEP
84901,WALMART YODEL KID
85070,MEG MYERS
85082,COSMOS & CREATURE
86074,TAICO
86454,EMOTIONAL ORANGES
87087,OCEANIC
88312,AR'MON & TREY
89327,MAJOR.
91665,POLO & PAN
93136,NATALIE
93713,NAO
96282,LEN
96981,DAS
97148,MAX GEORGE
97213,SYLO NOZRA
97942,STREET RAPPERS
99112,641
100250,BOY IN SPACE
100260,K'RON
101462,BASEMENT
102609,BROODS
104762,JUNIOR J
106169,ASHS
107950,YBN ALMIGHTY JAY
112001,SIX NINE
112084,YELLO
116739,LUCAS & STEVE
121423,JOBA
121425,BRIDGE
121688,SAMSON
121770,REI
122269,MAIKEL DELACALLE
124203,JOHNNY MATHIS
124325,HANNAH KERR
126564,BEAU YOUNG PRINCE
128655,RUBEN
129036,COREY
134738,OUSKA
134749,WHY MONA
136479,HWA SA
136486,QUIN
137072,JACK STAUBER
137304,GAULLIN
138050,DICK DALE AND HIS DEL-TONES
139130,CHOKER
148438,SCARYPOOLPARTY
149336,JACK CURLEY
151928,LAURA BRANIGAN
152517,VIRGINIA TO VEGAS
153414,THE DRUMS
153720,YUNGGEN
154863,TRAPTOLOGY
155636,KING ZAY
156020,SOMI
156297,YUNGKASH K1K
159654,ROY HEAD & THE TRAITS
163413,BIGKLIT
164127,AFRO MUSIC
171014,KIDZ BOP KIDS
171221,NEA
178237,SKYE
178430,SNO
181718,YEEZYS ACTIVIST
183413,73BANDS
183644,MIKEY.OTX
184082,LUDWIG GORANSSON
185108,KHLAW
185258,LIL MONET
186143,LIL ADREI
186633,BLACK PUMAS
187750,THE 7 DIMENSIONS
188706,SHMACKDAT
189048,KRIS YUTE
190581,DENNIS KRUISSEN
191031,NATHANIEL RATELIFF
191836,ALEE
192508,UPSAHL
195854,SWITCH
197462,ANNA
199361,JXDN
199528,KENNY ROGERS & THE FIRST EDITION
199819,LAUNDRY DAY
204893,SLOW DREAMERS
205438,YOUNG T & BUGSEY
207066,HEADASS
207080,MOE
212671,FLIGHT
213121,FINN
213556,FIJI BLUE
213981,JAG
214193,ZOE WEES
215079,JORDAN SUASTE
216359,BAEKHYUN
216850,IYAZ
217270,SAM GROW
218736,CADY GROVES
223171,ROYAL & THE SERPENT
223860,VACATIONS
224540,RED VELVET - IRENE & SEULGI
227295,MICHELLE
227314,MORGAN
229692,SEASIDE RESORT
229695,JOSEPH YAP
231388,CAO WHITE
231875,VEDO
234773,MAYAR JENISK
234786,JENNIFER ORMOND
234803,ODA KIRKWOOD
235117,WAVYVIBE
235161,MISSING SEOUL
238941,PRXXY
239882,LMB DG
244018,TAMU
245699,ROBBIE WILLIAMS
247011,MORRAY
247017,ROSIE
247620,COMMODORES
249084,SERENA ISIOMA
249335,E.T.
249799,HAYD
250322,SELENA Y LOS DINOS
251056,CAROLESDAUGHTER
251796,Q
252306,TW3LVE
252629,KEYLIU
254104,PETULA CLARK
254700,DUNKMEMER
255211,DUOMO
255828,UNGHETTO MATHIEU
256180,YUNG BABY TATE
256381,LILY ROSE
256990,SYDNEY ROSE
259508,HSM
260029,TIERA
260951,MHS
262114,KALI
262214,OBE BOOG
262698,LILHUDDY
262852,BEEZ LOL
263686,LEAT'EQ
267043,A DAY TO REMEMBER
267987,GIGI
270991,RAP NATION
271286,MR.KITTY
271437,IAMDOECHII
273864,SIDEPIECE
275587,CAL
276725,LADYTRON
278101,LOUI
278743,YVETTE
280139,DREAM
282915,ALEXANDER RYBAK
283251,SEB
283507,TRINIDAD CARDONA
283617,MAG.LO
284040,JHAY CORTEZ
284335,AST3P
284424,BRANDON SHININ
285559,MATT MALTESE
286000,BLVCKENGINEER
286261,CHAYCE BECKHAM
287438,CHRI$TIAN GATE$
290855,EVISU
291718,FASE YODA
293147,MALIA J
295442,CELESTE
295959,AJDAGURU
298141,CHEESE PEOPLE
298400,RHERHERHERH
299020,LOS DORADOS
301957,STEELIX
302357,CHLÖE
304143,SPIRITBOX
305649,MIR0SAMA
305662,BENU
305871,JUICY WORLD
306480,DISNEY CHARACTERS
307030,HYUNA&DAWN
307237,ASUKING
307258,SIOUXXIE
311487,GODWIRE
312382,MOSTHATED
312832,MIRZA 2 SHLONGZ
313427,BRUNO MAJOR
313592,RANDY
313670,LIL QUAY
314048,NORTHSIXTY
314569,STRANGERBOI24
315649,TRÏBE
315660,GRENTPEREZ
315877,TOASTOOL
316635,CL4PPERS
316744,JESSIE MURPH
317711,ORANGUTAN
318284,XOMUSIC
318656,ASTN
319200,AMY GRANT
319479,LAUREN SPENCER-SMITH
320257,AFTERDEATH
321134,ETTA JAMES
321790,JMO DIVINCI
321795,RAP PLUG
322736,GOLDSKULL
322919,CHARLIEONNAFRIDAY
